model,year,engine_size,horsepower,fuel_type,transmission,drivetrain,mileage_km,fuel_consumption_l_per_100km,co2_emissions_g_km,price_usd,doors,seats,body_type,color,owner_count,accident_history,service_history,country_sold,mileage_category,price_category,hp_category
1,2021,2.4,230,2,0,2,45689,4.6,100.0,40709,4,5,3,4,0.0,0,0,3,1,1,2
2,2017,2.5,189,2,0,2,147688,5.5,159.0,37490,4,5,3,0,1.0,1,2,0,2,1,1
2,2015,4.4,401,3,0,2,111263,11.4,159.0,45619,4,5,3,5,2.0,0,2,0,2,1,0
9,2024,0.0,155,1,0,2,0,0.0,0.0,62325,5,4,2,5,0.0,0,0,6,1,1,1
2,2015,2.9,216,3,0,2,187525,8.4,178.0,36541,4,5,3,3,2.0,0,0,4,0,1,2
9,2009,0.0,185,1,0,2,166474,0.0,0.0,24931,5,4,2,0,4.0,0,0,5,0,0,1
2,2014,3.2,304,3,0,2,198293,9.4,218.0,31972,4,5,3,5,2.0,0,1,3,0,1,2
9,2014,0.0,207,1,0,2,156954,0.0,0.0,27659,5,4,2,4,2.0,1,0,7,0,0,2
8,2020,3.0,244,3,0,2,45150,9.0,226.0,71429,2,2,0,2,0.0,0,0,1,1,2,2
7,2023,4.1,401,0,0,0,17545,9.7,208.0,110252,5,5,4,3,0.0,0,2,5,1,2,0
7,2022,4.0,269,2,0,0,48565,6.8,156.0,101710,5,5,4,5,1.0,0,1,6,1,2,2
5,2017,2.9,225,3,0,0,35906,9.0,207.0,45960,5,5,4,0,3.0,1,0,6,1,1,2
6,2016,3.1,352,0,0,0,134695,8.3,184.0,60729,5,5,4,0,4.0,0,2,2,2,1,0
11,2019,0.0,483,1,0,0,89818,0.0,0.0,121228,4,4,3,5,1.0,0,2,5,2,2,0
6,2019,3.1,290,0,0,0,87204,7.3,157.0,70236,5,5,4,1,2.0,0,0,2,2,2,2
9,2019,0.0,151,1,0,2,96243,0.0,0.0,46815,5,4,2,2,1.0,0,0,6,2,1,1
10,2007,0.0,213,1,0,0,206600,0.0,0.0,30792,4,5,1,5,3.0,0,0,4,0,1,2
8,2018,2.3,230,3,0,2,118083,8.8,196.0,51786,2,2,0,0,1.0,0,2,5,2,1,2
11,2024,0.0,440,1,0,0,3079,0.0,0.0,121228,4,5,3,5,0.0,0,0,1,1,2,0
5,2024,2.5,248,2,0,0,4206,5.5,118.0,61823,5,5,4,0,0.0,0,1,6,1,1,2
0,2019,2.6,271,3,0,2,59454,8.8,186.0,31112,5,4,2,1,2.0,0,0,0,2,1,2
7,2020,4.2,381,2,0,0,69449,6.7,134.0,118761,5,5,4,0,1.0,0,0,2,2,2,0
4,2012,2.0,226,0,0,1,158484,7.2,147.0,28002,5,5,4,3,5.0,0,0,2,0,0,2
9,2012,0.0,169,1,0,2,176018,0.0,0.0,27858,5,4,2,5,4.0,0,2,0,0,0,1
9,2022,0.0,142,1,0,2,58523,0.0,0.0,46298,5,4,2,1,1.0,0,2,5,2,1,1
1,2016,2.4,301,3,0,0,221844,9.4,206.0,26979,4,5,3,0,3.0,0,2,3,0,0,2
4,2019,1.8,177,3,0,1,107154,7.7,166.0,35250,5,5,4,1,1.0,0,2,5,2,1,1
6,2012,4.1,335,3,0,0,214216,10.3,228.0,38597,5,5,4,4,2.0,1,1,0,0,1,2
5,2019,2.8,257,2,0,0,60704,5.3,107.0,60875,5,5,4,0,1.0,0,0,0,2,1,2
0,2018,1.6,156,2,0,2,128437,4.5,112.0,17234,3,5,2,3,2.0,0,0,1,2,0,1
5,2023,2.8,261,2,0,2,23897,5.1,112.0,59130,5,5,4,5,1.0,0,0,4,1,1,2
3,2017,4.6,426,3,0,2,74810,11.1,233.0,80821,4,4,3,4,4.0,1,0,5,2,2,0
5,2018,3.2,293,2,0,0,73437,5.9,129.0,56008,5,5,4,1,2.0,0,0,7,2,1,2
6,2017,3.7,347,2,0,0,71462,5.8,120.0,64996,5,5,4,3,1.0,0,2,0,2,1,2
1,2015,2.1,172,3,1,2,107483,8.0,163.0,27993,4,5,3,5,3.0,0,0,1,2,0,1
6,2018,3.6,306,3,0,0,120941,9.6,213.0,68222,5,5,4,0,1.0,0,0,0,2,1,2
8,2019,2.5,180,3,0,2,79171,7.8,176.0,51557,2,2,0,1,3.0,0,1,6,2,1,1
1,2019,2.3,169,3,0,2,77585,7.2,190.0,30224,4,5,3,5,2.0,0,2,7,2,1,1
3,2017,4.6,469,0,0,0,148873,10.1,210.0,85465,4,5,3,5,2.0,0,1,6,2,2,0
2,2019,2.8,263,0,0,2,83558,8.5,179.0,46189,4,5,3,5,3.0,1,0,1,2,1,2
10,2014,0.0,318,1,0,0,112402,0.0,0.0,45211,4,5,1,0,1.0,0,1,6,2,1,2
11,2017,0.0,310,1,0,0,114304,0.0,0.0,119103,4,5,3,4,3.0,0,2,1,2,2,2
1,2012,2.7,269,2,1,0,234985,5.6,134.0,23886,4,5,3,5,2.0,0,0,4,0,0,2
2,2014,2.8,294,2,0,2,175758,5.6,137.0,44582,4,5,3,2,3.0,0,0,7,0,1,2
4,2022,1.9,188,2,0,1,9471,5.1,118.0,43064,5,5,4,1,1.0,0,2,5,1,1,1
4,2013,2.4,168,0,0,0,182589,5.8,135.0,25251,5,5,4,4,3.0,1,0,6,0,0,1
9,2018,0.0,220,1,0,2,63058,0.0,0.0,43467,5,4,2,5,1.0,0,2,6,2,1,2
1,2020,3.3,280,3,0,2,52112,9.5,204.0,40611,4,5,3,0,0.0,0,2,6,2,1,2
7,2023,4.3,334,2,0,0,12981,6.6,145.0,114328,5,5,4,2,0.0,0,0,4,1,2,2
6,2013,2.6500000000000004,255,3,0,0,171027,8.7,200.0,56320,5,5,4,5,4.0,0,2,7,0,1,2
5,2020,2.2,297,2,0,2,2694,5.1,103.0,50388,5,5,4,5,1.0,1,0,5,1,1,2
10,2017,0.0,372,1,0,2,131980,0.0,0.0,55278,4,5,1,1,3.0,0,1,2,2,1,0
3,2012,4.8,472,3,0,0,150767,12.5,265.0,78458,4,4,3,4,2.0,0,0,1,0,2,0
7,2023,4.0,280,0,0,0,35078,9.5,189.0,121228,5,5,4,3,0.0,0,0,7,1,2,2
0,2007,2.9,272,2,0,2,225581,5.4,127.0,11404,3,5,2,1,3.0,1,2,7,0,0,2
6,2016,4.3,328,2,0,0,167525,6.8,134.0,63264,5,5,4,5,2.0,0,0,4,0,1,2
0,2012,2.7,249,2,1,1,144250,5.5,107.0,16289,5,4,2,5,4.0,0,2,1,2,0,2
0,2023,2.6,245,0,0,2,13001,8.0,175.0,32864,3,5,2,2,0.0,0,2,6,1,1,2
7,2016,3.8,322,3,0,0,125299,10.6,237.0,78167,5,5,4,5,1.0,0,2,5,2,2,2
5,2005,2.0,231,0,0,2,300000,6.0,127.0,14675,5,5,4,4,3.0,0,2,2,0,0,2
5,2005,2.9,264,0,0,2,246479,7.3,146.0,18485,5,5,4,0,4.0,0,2,4,0,0,2
2,2019,3.1,301,2,0,2,30730,6.3,131.0,55958,4,5,3,5,3.0,0,0,7,1,1,2
2,2018,4.2,339,0,0,2,53977,9.8,219.0,45882,4,5,3,4,1.0,1,0,0,2,1,2
4,2005,1.7,187,2,0,1,267471,4.6,95.0,10617,5,5,4,0,4.0,1,2,7,0,0,1
2,2013,2.9,257,3,0,0,270699,8.5,189.0,37245,4,5,3,5,4.0,0,0,1,0,1,2
4,2019,1.6,227,3,0,1,77734,7.2,156.0,41972,5,5,4,5,2.0,0,0,0,2,1,2
0,2024,2.3,260,0,0,2,4404,6.3,149.0,33000,3,4,2,4,0.0,0,2,1,1,1,2
6,2021,2.6500000000000004,345,2,0,0,69668,6.8,178.0,86407,5,5,4,1,1.0,0,0,6,2,2,2
2,2017,2.5,196,3,0,2,88270,8.9,206.0,42746,4,5,3,4,2.0,0,2,7,2,1,1
5,2010,3.4,279,3,0,0,59445,9.4,207.0,38503,5,5,4,5,2.0,1,0,3,2,1,2
2,2016,3.3,244,0,0,0,68783,7.9,183.0,34424,4,5,3,4,2.0,1,1,5,2,1,2
2,2019,4.2,373,3,0,2,106274,11.6,279.0,59861,4,5,3,5,2.0,0,0,3,2,1,0
1,2020,1.7,185,2,0,0,29138,4.4,90.0,28473,4,5,3,2,0.0,1,1,2,1,0,1
0,2010,2.3,216,2,0,2,153060,4.6,93.0,12391,3,5,2,0,3.0,1,0,2,0,0,2
2,2016,2.1,201,2,0,2,47807,4.2,89.0,44394,4,5,3,3,2.0,0,0,5,1,1,2
8,2017,2.2,202,3,0,2,89641,8.3,173.0,54122,2,2,0,5,2.0,0,0,0,2,1,2
0,2022,2.7,262,2,1,2,40337,5.1,116.0,26884,3,5,2,2,1.0,0,0,5,1,0,2
2,2023,4.0,341,2,0,0,31680,7.4,161.0,71113,4,5,3,0,0.0,0,2,6,1,2,2
1,2024,1.6,204,3,0,0,19345,7.0,156.0,49417,4,5,3,4,0.0,0,0,6,1,1,2
1,2008,2.5,241,3,0,0,268545,8.3,175.0,19408,4,5,3,2,4.0,0,0,6,0,0,2
4,2024,2.0,156,0,0,0,0,6.3,135.0,53085,5,5,4,5,0.0,0,0,1,1,1,1
0,2021,2.5,259,3,0,2,51902,8.0,160.0,27321,3,4,2,5,1.0,0,0,5,2,0,2
2,2022,2.3,249,3,0,2,18202,8.5,193.0,67081,4,5,3,5,1.0,0,0,3,1,1,2
0,2007,1.6,127,3,1,2,98006,7.0,138.0,9095,5,4,2,2,2.0,1,1,6,2,0,1
5,2017,2.7,176,3,0,2,70999,8.6,203.0,39469,5,5,4,5,2.0,1,0,2,2,1,1
2,2024,2.5,254,3,0,0,9799,8.5,186.0,64517,4,5,3,5,0.0,0,0,6,1,1,2
1,2015,1.9,197,2,0,2,49648,4.2,92.0,33515,4,5,3,0,2.0,0,0,2,1,1,1
2,2009,4.0,289,2,0,0,159093,6.2,138.0,28811,4,5,3,0,3.0,1,2,7,0,0,2
11,2017,0.0,483,1,0,0,90789,0.0,0.0,121228,4,5,3,5,4.0,1,2,3,2,2,0
2,2017,4.1,378,0,0,2,104743,9.4,219.0,45666,4,5,3,5,2.0,1,2,0,2,1,0
0,2009,2.0,208,0,1,1,277317,6.5,158.0,7289,3,5,2,0,2.0,1,0,3,0,0,2
5,2019,2.6,226,0,0,0,29850,7.5,166.0,55024,5,5,4,0,1.0,0,0,7,1,1,2
1,2013,3.2,284,0,0,0,166932,7.2,192.0,23045,4,5,3,5,2.0,0,2,6,0,0,2
9,2012,0.0,172,1,0,2,205796,0.0,0.0,24445,5,4,2,5,4.0,0,1,4,0,0,1
5,2013,3.2,275,3,0,0,112377,10.1,227.0,43630,5,5,4,5,3.0,0,0,6,2,1,2
6,2008,3.2,337,3,0,0,240818,10.9,235.0,43199,5,5,4,0,3.0,0,0,1,0,1,2
8,2018,2.2,213,3,0,2,56768,8.0,181.0,61379,2,2,0,1,1.0,0,2,6,2,1,2
2,2013,4.0,361,2,0,0,145384,7.0,159.0,37980,4,5,3,5,4.0,1,2,7,2,1,0
2,2010,3.6,299,3,0,0,300000,9.9,159.0,23847,4,5,3,0,2.0,1,0,5,0,0,2
8,2019,2.2,234,3,0,2,106020,8.9,198.0,54257,2,2,0,2,4.0,0,0,4,2,1,2
6,2017,3.3,248,2,0,0,43346,6.1,126.0,71463,5,5,4,4,3.0,0,0,5,1,2,2
2,2015,2.9,307,3,0,0,149429,9.6,204.0,42742,4,5,3,4,2.0,0,0,4,2,1,2
4,2019,2.3,271,3,0,1,92311,8.1,161.0,45004,5,5,4,4,1.0,0,0,4,2,1,2
0,2016,1.5,176,2,1,2,85132,4.1,99.0,21340,5,4,2,2,3.0,0,0,6,2,0,1
2,2015,4.0,319,2,0,2,156876,6.3,139.0,41806,4,5,3,5,3.0,0,2,3,0,1,2
1,2024,2.2,237,0,0,2,0,7.6,166.0,47476,4,5,3,4,1.0,0,0,0,1,1,2
2,2015,3.9,332,0,0,2,136171,9.0,191.0,50890,4,5,3,5,1.0,0,0,3,2,1,2
1,2013,1.8,158,0,0,2,274168,7.1,164.0,18245,4,5,3,0,2.0,0,0,3,0,0,1
5,2006,2.2,217,0,0,2,300000,6.8,159.0,21411,5,5,4,0,4.0,0,1,7,0,0,2
7,2010,4.2,360,3,0,0,169533,11.0,251.0,61230,5,5,4,5,4.0,1,0,3,0,1,0
4,2012,1.6,127,0,0,0,152900,5.7,126.0,23283,5,5,4,5,3.0,0,2,7,0,0,1
1,2016,3.3,347,0,0,2,73336,8.7,196.0,36506,4,5,3,0,1.0,0,0,1,2,1,2
0,2023,2.8,250,3,0,2,9529,8.2,187.0,36237,3,5,2,0,0.0,0,0,7,1,1,2
6,2018,4.1,370,2,0,0,136890,7.0,151.0,74189,5,5,4,5,1.0,0,0,6,2,2,0
0,2021,2.5,200,0,0,2,29693,7.4,161.0,27553,5,5,2,2,0.0,0,0,6,1,0,2
1,2009,2.8,289,3,0,2,128097,9.4,212.0,25019,4,5,3,1,4.0,0,0,5,2,0,2
0,2012,2.9,202,3,0,1,98914,8.1,177.0,14250,3,4,2,5,2.0,0,2,5,2,0,2
5,2022,2.1,237,3,0,0,56725,8.6,185.0,48219,5,5,4,0,2.0,1,2,5,2,1,2
5,2018,3.3,277,3,0,0,86835,10.0,199.0,58588,5,5,4,0,1.0,0,0,1,2,1,2
9,2022,0.0,161,1,0,2,55550,0.0,0.0,60850,5,4,2,4,1.0,0,0,3,2,1,1
0,2020,1.8,146,0,0,1,1518,6.6,143.0,26089,5,5,2,5,2.0,0,0,4,1,0,1
0,2012,2.8,232,3,1,1,171014,9.3,211.0,11326,3,4,2,5,4.0,1,0,1,0,0,2
3,2021,4.9,359,3,0,2,69684,12.0,266.0,99951,4,5,3,5,1.0,0,0,5,2,2,0
5,2020,3.2,317,3,0,0,60756,8.9,206.0,60783,5,5,4,4,1.0,0,0,7,2,1,2
0,2014,1.6,136,3,0,2,241455,7.0,149.0,8590,5,4,2,4,1.0,0,2,3,0,0,1
10,2005,0.0,229,1,0,0,117682,0.0,0.0,32860,4,5,1,0,4.0,0,2,1,2,1,2
1,2020,3.1,242,0,0,2,57746,7.8,173.0,39890,4,5,3,4,1.0,0,0,0,2,1,2
5,2023,2.4,221,0,0,2,33892,7.2,163.0,58663,5,5,4,5,0.0,0,0,2,1,1,2
5,2011,2.1,319,3,0,0,127846,8.7,194.0,32429,5,5,4,4,3.0,0,1,5,2,1,2
5,2023,2.6500000000000004,260,3,0,2,13392,9.3,214.0,65371,5,5,4,1,0.0,0,0,3,1,1,2
2,2016,3.4,303,2,0,0,102097,6.3,146.0,45411,4,5,3,0,3.0,0,0,4,2,1,2
3,2018,4.4,350,0,0,0,80283,10.1,211.0,90984,4,4,3,4,2.0,0,2,0,2,2,0
7,2019,3.4,258,2,0,0,83390,6.0,136.0,86420,5,5,4,0,2.0,0,1,4,2,2,2
2,2021,3.1,268,3,0,0,5142,9.5,212.0,65126,4,5,3,2,2.0,0,0,2,1,1,2
5,2010,2.8,186,0,0,2,157990,7.8,160.0,26201,5,5,4,0,3.0,1,2,5,0,0,1
6,2014,3.1,236,2,0,0,161513,5.8,144.0,49951,5,5,4,3,2.0,1,2,1,0,1,2
10,2021,0.0,350,1,0,2,28916,0.0,0.0,69785,4,5,1,5,2.0,1,0,5,1,1,0
4,2018,1.8,170,2,0,0,146192,4.0,99.0,28379,5,5,4,4,2.0,1,0,4,2,0,1
8,2024,2.2,221,3,0,2,0,8.3,195.0,74459,2,2,0,5,1.0,0,0,3,1,2,2
1,2015,2.6500000000000004,229,0,0,0,159723,7.0,153.0,21286,4,5,3,4,2.0,1,2,1,0,0,2
6,2009,4.1,330,0,0,0,95577,8.8,181.0,49255,5,5,4,5,2.0,0,2,3,2,1,2
6,2016,3.4,303,2,0,0,126311,5.9,118.0,50354,5,5,4,2,1.0,1,1,7,2,1,2
6,2012,3.7,320,3,0,0,165959,10.8,234.0,61442,5,5,4,1,2.0,0,0,0,0,1,2
2,2011,4.2,373,3,0,2,188618,11.0,244.0,38995,4,5,3,1,4.0,0,2,5,0,1,0
1,2010,2.6500000000000004,192,2,0,2,259269,4.4,84.0,11275,4,5,3,0,4.0,1,2,6,0,0,1
4,2020,1.5,212,0,0,1,27023,6.4,136.0,44061,5,5,4,5,2.0,0,0,6,1,1,2
10,2005,0.0,474,1,0,2,231430,0.0,0.0,39232,4,5,1,4,5.0,0,2,4,0,1,0
5,2021,3.4,337,2,0,0,39912,5.4,112.0,66291,5,5,4,4,1.0,0,0,1,1,1,2
2,2007,2.5,258,2,0,2,300000,5.1,108.0,17300,4,5,3,5,2.0,1,1,2,0,0,2
4,2017,2.3,262,2,0,1,143920,5.0,96.0,37807,5,5,4,1,2.0,0,0,6,2,1,2
3,2021,4.4,302,2,0,0,39787,7.4,159.0,99839,4,4,3,0,0.0,0,0,3,1,2,2
7,2006,3.6,281,0,0,0,300000,8.7,187.0,58914,5,5,4,0,5.0,0,0,3,0,1,2
9,2017,0.0,184,1,0,2,94878,0.0,0.0,38016,5,4,2,5,1.0,0,0,5,2,1,1
3,2022,4.5,370,3,0,0,31332,11.6,270.0,103821,4,5,3,0,2.0,0,2,1,1,2,0
1,2005,2.0,185,3,0,0,241211,6.9,155.0,7346,4,5,3,0,2.0,1,2,0,0,0,1
7,2019,3.9,367,0,0,0,59521,9.5,215.0,114294,5,5,4,4,2.0,0,0,0,2,2,0
0,2022,2.9,278,0,0,1,39709,7.8,158.0,31217,3,5,2,5,1.0,0,2,3,1,1,2
9,2006,2.6500000000000004,141,1,0,2,300000,0.0,0.0,12210,5,4,2,4,3.0,0,0,3,0,0,1
6,2022,3.1,295,2,0,0,38864,5.0,118.0,89178,5,5,4,5,1.0,0,0,0,1,2,2
2,2018,4.2,356,3,0,0,77242,12.0,241.0,53328,4,5,3,5,4.0,0,2,6,2,1,0
6,2005,4.2,302,3,0,0,300000,10.4,215.0,33156,5,5,4,5,5.0,0,2,0,0,1,2
4,2013,1.9,223,3,0,0,208599,8.2,175.0,24436,5,5,4,5,4.0,0,0,7,0,0,2
2,2022,2.5,264,0,0,0,37960,6.4,122.0,53358,4,5,3,3,1.0,1,0,7,1,1,2
4,2015,2.3,158,3,0,0,132271,8.5,186.0,26493,5,5,4,5,2.0,0,1,6,2,0,1
6,2015,3.0,262,0,0,0,152751,7.2,159.0,63013,5,5,4,5,3.0,1,0,7,0,1,2
7,2013,3.8,346,3,0,0,171989,10.3,240.0,79435,5,5,4,5,2.0,1,0,6,0,2,2
4,2009,2.2,230,2,0,0,209220,7.2,105.0,20536,5,5,4,3,2.0,0,1,3,0,0,2
6,2022,3.5,335,3,0,0,32520,9.7,220.0,91894,5,5,4,5,2.0,0,0,3,1,2,2
3,2024,0.0,436,1,0,0,0,0.0,0.0,121228,4,4,3,4,0.0,0,2,1,1,2,0
5,2008,3.4,277,3,0,0,88896,10.2,232.0,34229,5,5,4,4,4.0,1,0,2,2,1,2
2,2023,3.9,399,2,0,2,10154,6.2,146.0,67126,4,5,3,5,0.0,0,0,7,1,1,0
1,2016,2.2,218,0,0,0,133004,7.0,153.0,32199,4,5,3,5,1.0,0,0,7,2,1,2
2,2022,3.1,269,0,0,0,36412,8.5,185.0,57523,4,5,3,4,2.0,0,0,5,1,1,2
2,2010,3.8,338,3,0,0,199085,9.6,199.0,26099,4,5,3,4,5.0,1,1,4,0,0,2
10,2017,0.0,459,1,0,0,80553,0.0,0.0,76135,4,5,1,4,1.0,0,0,4,2,2,0
5,2020,2.4,278,3,0,2,96032,7.8,176.0,59299,5,5,4,0,1.0,0,0,7,2,1,2
2,2021,4.0,361,3,0,2,18336,11.4,255.0,62049,4,5,3,4,1.0,0,0,7,1,1,0
10,2017,0.0,281,1,0,0,96164,0.0,0.0,63893,4,5,1,0,3.0,0,0,0,2,1,2
5,2016,2.2,219,3,0,2,161067,8.3,189.0,42686,5,5,4,5,2.0,0,0,6,0,1,2
1,2012,2.8,227,3,0,0,146642,8.5,189.0,24274,4,5,3,2,2.0,0,0,4,2,0,2
3,2021,4.6,372,2,0,2,28341,7.2,165.0,107358,4,4,3,4,1.0,0,0,7,1,2,0
9,2012,0.0,180,1,0,2,250291,0.0,0.0,19298,5,4,2,2,5.0,0,1,3,0,0,1
8,2017,2.6,217,3,0,2,68209,8.1,184.0,53877,2,2,0,5,1.0,0,1,1,2,1,2
8,2010,2.1,201,3,1,2,253335,9.0,193.0,28706,2,2,0,2,2.0,0,2,5,0,0,2
1,2023,2.4,263,0,0,2,22838,7.6,169.0,43536,4,5,3,2,0.0,0,2,3,1,1,2
4,2014,2.3,201,0,0,1,155302,7.6,177.0,30089,5,5,4,4,1.0,1,0,7,0,1,2
1,2015,3.4,317,2,0,0,97680,5.7,134.0,32421,4,5,3,0,1.0,0,2,5,2,1,2
9,2024,0.0,162,1,0,2,6459,0.0,0.0,54410,5,4,2,1,0.0,0,0,5,1,1,1
4,2017,1.9,164,3,0,0,80930,6.9,151.0,25310,5,5,4,5,2.0,1,2,5,2,0,1
5,2023,2.5,277,2,0,0,21570,5.5,126.0,69229,5,5,4,1,0.0,0,0,4,1,1,2
5,2014,2.4,207,3,0,2,151573,8.0,175.0,41021,5,5,4,4,2.0,0,0,2,0,1,2
4,2023,1.5,143,3,0,1,23508,7.1,159.0,46652,5,5,4,0,0.0,0,0,7,1,1,1
1,2020,2.5,218,3,0,2,51071,8.6,184.0,43122,4,5,3,1,1.0,0,0,6,2,1,2
4,2013,1.5,175,0,0,0,178037,7.2,140.0,21712,5,5,4,5,3.0,1,2,1,0,0,1
2,2005,2.2,235,0,0,2,290417,7.5,172.0,18827,4,5,3,0,3.0,1,0,6,0,0,2
5,2023,3.1,250,2,0,0,0,5.7,123.0,64573,5,5,4,4,2.0,0,0,4,1,1,2
2,2013,2.4,259,0,0,2,213668,7.3,141.0,33431,4,5,3,4,3.0,1,2,1,0,1,2
1,2022,3.2,297,3,0,0,32216,9.9,221.0,49060,4,5,3,1,1.0,0,0,7,1,1,2
0,2023,2.6,298,0,0,1,12120,7.7,158.0,36268,5,5,2,0,0.0,0,0,5,1,1,2
2,2019,2.8,253,3,0,0,91216,8.8,205.0,54110,4,5,3,4,2.0,0,2,3,2,1,2
5,2021,2.3,204,0,0,0,43798,7.4,175.0,64715,5,5,4,1,2.0,0,0,7,1,1,2
4,2009,2.4,163,2,0,1,270615,5.5,108.0,18066,5,5,4,0,3.0,0,0,2,0,0,1
5,2013,2.2,299,3,0,0,128133,7.9,190.0,39058,5,5,4,5,2.0,0,2,5,2,1,2
10,2013,0.0,296,1,0,2,232946,0.0,0.0,47935,4,5,1,3,2.0,0,2,2,0,1,2
9,2017,0.0,214,1,0,2,145120,0.0,0.0,32538,5,4,2,0,3.0,0,2,4,2,1,2
0,2012,2.4,222,2,0,2,204575,4.4,96.0,11355,5,4,2,5,4.0,0,0,0,0,0,2
1,2014,3.2,252,2,1,2,172953,6.0,133.0,21060,4,5,3,2,2.0,1,0,3,0,0,2
10,2012,0.0,386,1,0,2,155230,0.0,0.0,52650,4,5,1,1,2.0,0,0,6,0,1,0
1,2014,1.7,146,2,1,2,147556,4.4,103.0,17112,4,5,3,5,4.0,1,1,7,2,0,1
1,2024,2.2,225,3,0,0,10768,8.1,175.0,43991,4,5,3,5,1.0,0,0,7,1,1,2
2,2012,4.2,420,3,0,2,175088,10.8,239.0,40569,4,5,3,1,3.0,0,2,7,0,1,0
7,2022,4.2,415,3,0,0,32338,11.1,258.0,121228,5,5,4,5,1.0,0,0,3,1,2,0
11,2023,0.0,363,1,0,2,27821,0.0,0.0,121228,4,4,3,1,1.0,0,2,7,1,2,0
2,2016,2.6,251,0,0,0,119123,7.4,161.0,43716,4,5,3,0,2.0,1,0,4,2,1,2
7,2021,3.6,313,0,0,0,49118,8.9,159.0,120146,5,5,4,3,1.0,0,2,1,1,2,2
9,2018,0.0,121,1,0,2,80298,0.0,0.0,41239,5,4,2,0,4.0,0,0,7,2,1,1
0,2005,2.1,189,2,0,1,298196,4.1,102.0,2640,3,4,2,4,3.0,0,2,2,0,0,1
0,2010,2.4,222,0,1,1,300000,7.2,169.0,2640,3,5,2,0,4.0,0,0,6,0,0,2
3,2023,4.5,351,3,0,2,13870,11.0,235.0,112766,4,4,3,1,0.0,0,0,7,1,2,0
5,2016,2.6,227,2,0,2,136358,5.0,128.0,44823,5,5,4,5,3.0,0,2,3,2,1,2
10,2005,0.0,366,1,0,2,183777,0.0,0.0,25710,4,5,1,0,5.0,1,2,5,0,0,0
8,2023,2.2,247,3,0,2,28067,8.5,185.0,73142,2,2,0,4,1.0,0,0,3,1,2,2
8,2023,2.9,209,3,0,2,21452,9.0,195.0,67791,2,2,0,0,0.0,0,0,4,1,1,2
2,2011,3.8,301,2,0,0,229888,5.8,137.0,33796,4,5,3,5,5.0,0,0,6,0,1,2
2,2021,3.6,233,3,0,2,45524,10.5,247.0,52792,4,5,3,3,1.0,0,2,3,1,1,2
4,2018,1.6,185,2,0,1,71465,4.3,96.0,39496,5,5,4,5,2.0,0,0,7,2,1,1
10,2016,0.0,326,1,0,0,76649,0.0,0.0,50917,4,5,1,0,1.0,1,2,4,2,1,2
3,2022,4.4,378,0,0,0,43801,10.0,211.0,96265,4,5,3,1,1.0,1,0,0,1,2,0
1,2018,1.7,131,3,0,2,98138,7.6,148.0,24281,4,5,3,5,3.0,0,2,2,2,0,1
5,2014,2.8,245,0,0,0,165556,7.7,184.0,39310,5,5,4,5,1.0,0,1,5,0,1,2
7,2024,4.3,398,3,0,0,1293,11.3,236.0,117814,5,5,4,0,0.0,0,2,5,1,2,0
4,2014,1.8,183,2,0,1,128725,5.0,122.0,33003,5,5,4,5,2.0,0,0,1,2,1,1
6,2015,4.1,400,2,0,0,122247,6.3,141.0,69951,5,5,4,5,2.0,0,2,6,2,1,0
9,2022,0.0,195,1,0,2,6898,0.0,0.0,58196,5,4,2,3,1.0,0,0,5,1,1,1
0,2017,2.5,255,0,1,1,63526,7.2,161.0,24172,3,5,2,3,2.0,0,2,7,2,0,2
2,2017,2.5,275,2,0,0,158320,5.3,118.0,52149,4,5,3,5,2.0,0,0,1,0,1,2
1,2024,3.2,353,3,0,0,0,8.3,189.0,50958,4,5,3,4,0.0,0,0,3,1,1,0
1,2008,2.0,198,3,0,2,196595,8.4,181.0,17150,4,5,3,4,4.0,0,2,4,0,0,1
5,2016,2.7,260,2,0,2,153537,5.4,118.0,41319,5,5,4,5,3.0,0,0,4,0,1,2
5,2012,2.3,254,2,0,2,235400,5.4,123.0,30586,5,5,4,3,5.0,0,0,2,0,1,2
6,2022,3.7,305,3,0,0,35720,10.3,222.0,92111,5,5,4,0,1.0,0,0,2,1,2,2
0,2024,1.7,246,3,0,2,0,8.1,173.0,35702,3,4,2,1,0.0,0,0,0,1,1,2
6,2017,3.6,306,2,0,0,50939,6.7,138.0,67339,5,5,4,1,2.0,0,2,1,2,1,2
6,2013,2.6500000000000004,302,0,0,0,142389,7.8,189.0,63062,5,5,4,4,2.0,0,0,7,2,1,2
9,2016,0.0,189,1,0,2,96349,7.2,0.0,39191,5,4,2,0,1.0,0,2,5,2,1,1
7,2018,3.2,280,2,0,0,80276,5.8,124.0,108555,5,5,4,5,2.0,0,0,7,2,2,2
4,2012,2.4,237,0,0,1,241465,7.1,147.0,24194,5,5,4,2,3.0,0,0,6,0,0,2
1,2019,3.2,209,0,0,2,86801,8.0,170.0,33340,4,5,3,5,1.0,0,0,5,2,1,2
6,2018,3.6,332,3,0,0,48588,9.6,209.0,67468,5,5,4,0,4.0,1,0,2,1,1,2
1,2007,2.6,228,2,0,2,300000,7.2,91.0,11846,4,5,3,0,3.0,0,0,7,0,0,2
2,2006,2.2,295,3,0,2,279460,8.4,159.0,22789,4,5,3,5,2.0,0,2,0,0,0,2
11,2016,0.0,483,1,0,0,147522,0.0,0.0,121228,4,5,3,1,1.0,0,0,4,2,2,0
2,2015,3.6,319,3,0,2,177776,10.3,234.0,44573,4,5,3,2,2.0,0,0,1,0,1,2
10,2020,0.0,255,1,0,0,89704,0.0,0.0,83776,4,5,1,4,0.0,0,0,3,2,2,2
7,2006,3.8,276,2,0,0,300000,5.8,156.0,50574,5,5,4,5,3.0,1,0,0,0,1,2
7,2007,3.2,259,0,0,0,271382,7.8,181.0,62583,5,5,4,5,2.0,0,2,2,0,1,2
7,2011,3.7,300,3,0,0,239839,10.6,229.0,58432,5,5,4,1,4.0,1,0,0,0,1,2
1,2010,2.9,246,3,1,2,183743,9.1,195.0,19604,4,5,3,1,2.0,1,0,4,0,0,2
5,2018,3.0,269,2,0,2,98539,5.8,129.0,48075,5,5,4,2,3.0,0,2,5,2,1,2
2,2018,3.2,278,0,0,2,151607,8.6,190.0,39907,4,5,3,5,1.0,0,2,5,0,1,2
6,2019,3.7,374,3,0,0,78339,10.2,231.0,77582,5,5,4,5,2.0,0,0,2,2,2,0
6,2009,2.6500000000000004,279,0,0,0,300000,8.6,182.0,41828,5,5,4,4,5.0,0,2,6,0,1,2
6,2018,4.3,328,2,0,0,68505,7.4,173.0,76891,5,5,4,5,1.0,0,2,4,2,2,2
4,2021,1.5,140,3,0,0,49392,7.6,175.0,38279,5,5,4,0,1.0,0,2,0,1,1,1
1,2017,2.9,323,2,0,0,75450,5.9,112.0,36764,4,5,3,5,2.0,0,2,4,2,1,2
3,2022,4.4,427,0,0,2,10873,9.9,205.0,109385,4,5,3,1,1.0,0,2,4,1,2,0
0,2009,2.4,228,0,1,2,58644,6.3,140.0,15036,3,4,2,0,3.0,0,1,0,2,0,2
7,2019,4.2,422,0,0,0,35524,9.3,213.0,114086,5,5,4,1,1.0,0,0,5,1,2,0
1,2014,2.3,231,3,0,2,206624,8.2,184.0,20604,4,5,3,3,1.0,1,2,1,0,0,2
5,2016,2.2,222,0,0,0,89801,6.8,141.0,49376,5,5,4,0,2.0,0,2,2,2,1,2
10,2015,0.0,356,1,0,0,201934,0.0,0.0,46056,4,5,1,3,4.0,1,0,7,0,1,0
3,2020,4.7,411,3,0,0,105260,11.7,267.0,103587,4,4,3,5,2.0,0,0,4,2,2,0
5,2020,2.2,215,2,0,2,68436,4.6,94.0,61420,5,5,4,1,1.0,0,0,7,2,1,2
3,2021,4.8,427,3,0,0,46257,11.7,251.0,118773,4,5,3,4,1.0,0,0,6,1,2,0
2,2022,2.7,261,3,0,0,23162,7.2,190.0,66413,4,5,3,2,2.0,0,0,3,1,1,2
7,2015,4.3,332,2,0,0,211552,7.3,171.0,87163,5,5,4,5,2.0,0,2,6,0,2,2
5,2023,3.3,365,2,0,2,17558,6.3,146.0,71031,5,5,4,5,0.0,0,0,6,1,2,0
2,2024,2.1,229,3,0,2,6018,7.1,148.0,67492,4,5,3,4,0.0,0,0,4,1,1,2
1,2021,2.3,181,2,0,2,50064,4.8,97.0,38085,4,5,3,5,1.0,0,0,0,2,1,1
4,2019,2.1,159,2,0,0,58082,4.9,117.0,42044,5,5,4,1,1.0,0,0,6,2,1,1
7,2016,3.5,330,3,0,0,137634,10.2,220.0,89918,5,5,4,4,1.0,0,2,3,2,2,2
7,2016,3.1,271,2,0,0,50558,6.0,135.0,91783,5,5,4,4,3.0,1,0,7,2,2,2
0,2018,2.1,222,3,0,2,92753,7.9,167.0,24914,3,4,2,0,2.0,0,2,0,2,0,2
0,2021,2.5,235,0,0,1,30361,7.1,156.0,28808,5,5,2,2,1.0,0,0,2,1,0,2
2,2020,2.8,248,2,0,2,72006,5.5,113.0,61396,4,5,3,1,1.0,0,0,0,2,1,2
0,2014,2.1,252,0,0,1,196332,6.6,153.0,14200,5,5,2,5,3.0,1,0,3,0,0,2
2,2009,3.5,286,0,0,2,293051,7.2,211.0,23494,4,5,3,0,3.0,0,2,3,0,0,2
4,2006,2.2,209,2,0,0,300000,4.9,110.0,13925,5,5,4,0,4.0,0,1,4,0,0,2
11,2008,0.0,387,1,0,0,108308,0.0,0.0,85226,4,5,3,0,3.0,1,0,4,2,2,0
5,2020,2.7,206,2,0,0,89989,5.2,110.0,47844,5,5,4,5,1.0,0,0,5,2,1,2
10,2024,0.0,341,1,0,2,0,0.0,0.0,95758,4,5,1,2,0.0,0,2,5,1,2,2
1,2020,1.8,165,0,0,0,78876,6.5,154.0,35687,4,5,3,4,2.0,0,0,2,2,1,1
5,2020,3.5,278,0,0,2,33833,8.8,199.0,53973,5,5,4,0,1.0,0,2,0,1,1,2
7,2006,3.6,255,3,0,0,300000,10.5,237.0,55806,5,5,4,2,2.0,0,2,6,0,1,2
0,2009,2.4,197,0,0,2,186973,6.1,131.0,6486,3,5,2,3,3.0,1,2,0,0,0,1
3,2023,3.0,268,0,0,0,31023,8.0,165.0,118224,4,5,3,0,0.0,0,0,6,1,2,2
5,2010,2.2,218,0,0,2,155028,7.1,159.0,27278,5,5,4,5,4.0,1,0,4,0,0,2
2,2017,2.4,277,0,0,2,112374,7.6,154.0,50559,4,5,3,4,1.0,0,0,7,2,1,2
3,2007,3.9,287,3,0,0,300000,9.8,221.0,49155,4,4,3,5,5.0,0,0,3,0,1,2
5,2018,2.2,200,0,0,0,132948,6.2,132.0,46254,5,5,4,2,1.0,0,2,0,2,1,2
6,2023,3.9,376,2,0,0,8749,6.6,155.0,99890,5,5,4,1,0.0,0,0,7,1,2,0
9,2012,0.0,162,1,0,2,198923,0.0,0.0,23773,5,4,2,0,3.0,0,0,5,0,0,1
8,2023,2.8,267,3,0,2,10430,9.0,214.0,64714,2,2,0,5,0.0,1,0,0,1,1,2
10,2022,0.0,348,1,0,0,37264,0.0,0.0,85867,4,5,1,0,1.0,0,0,3,1,2,2
0,2010,2.9,250,0,1,1,167211,7.2,149.0,13263,3,5,2,5,3.0,1,0,0,0,0,2
10,2019,0.0,385,1,0,2,94682,0.0,0.0,72226,4,5,1,5,2.0,1,0,7,2,2,0
9,2012,0.0,158,1,0,2,90753,0.0,0.0,28582,5,4,2,4,4.0,1,0,4,2,0,1
11,2021,0.0,483,1,0,2,58942,0.0,0.0,121228,4,4,3,5,1.0,1,2,7,2,2,0
6,2015,4.0,356,2,0,0,168250,6.6,140.0,57748,5,5,4,0,3.0,0,1,4,0,1,0
4,2018,2.4,213,2,0,0,127230,5.5,129.0,35022,5,5,4,1,2.0,0,2,2,2,1,2
2,2023,2.3,195,2,0,2,8989,4.6,89.0,56641,4,5,3,4,1.0,0,0,4,1,1,1
1,2019,2.6,205,0,0,0,84874,6.1,128.0,24962,4,5,3,0,2.0,1,1,5,2,0,2
8,2015,2.1,205,3,1,2,102644,8.7,159.0,55335,2,2,0,1,2.0,0,0,1,2,1,2
6,2021,3.3,282,3,0,0,22834,9.8,211.0,72596,5,5,4,1,0.0,0,2,4,1,2,2
1,2024,2.1,202,3,0,0,1798,7.2,147.0,43108,4,5,3,5,1.0,0,2,4,1,1,2
7,2020,3.5,296,3,0,0,45947,9.5,210.0,110101,5,5,4,1,1.0,0,2,1,1,2,2
5,2016,3.3,247,2,0,0,139931,6.1,122.0,46413,5,5,4,1,1.0,1,0,1,2,1,2
10,2016,0.0,256,1,0,0,78439,0.0,0.0,56458,4,5,1,4,2.0,0,2,7,2,1,2
4,2014,2.6500000000000004,245,3,0,0,115349,7.8,183.0,28703,5,5,4,5,3.0,0,2,5,2,0,2
8,2012,2.4,163,3,0,2,160881,7.8,158.0,40229,2,2,0,0,4.0,0,0,5,0,1,1
1,2021,3.4,385,3,1,0,43108,10.3,225.0,44232,4,5,3,2,0.0,1,0,6,1,1,0
2,2014,2.0,157,3,0,2,180945,7.6,176.0,34703,4,5,3,0,1.0,0,2,7,0,1,1
7,2014,4.1,370,2,0,0,180323,6.7,144.0,84871,5,5,4,3,1.0,0,2,5,0,2,0
2,2018,3.6,334,2,0,2,63219,5.8,129.0,59900,4,5,3,5,3.0,0,0,1,2,1,2
10,2012,0.0,483,1,0,2,134435,0.0,0.0,55242,4,5,1,3,2.0,0,2,4,2,1,0
7,2015,3.0,289,0,0,0,178494,8.4,193.0,85982,5,5,4,0,1.0,0,2,3,0,2,2
7,2019,4.1,302,2,0,0,101829,6.5,135.0,94863,5,5,4,1,1.0,1,0,0,2,2,2
10,2018,0.0,407,1,0,2,96547,0.0,0.0,67603,4,5,1,4,4.0,0,0,3,2,1,0
0,2018,1.8,196,2,0,1,106639,5.1,122.0,23483,5,4,2,4,1.0,0,0,2,2,0,1
3,2011,3.8,291,2,0,0,190674,7.0,148.0,69498,4,5,3,0,5.0,0,0,7,0,1,2
2,2024,4.0,335,0,0,0,4822,9.3,204.0,79606,4,5,3,0,1.0,0,0,1,1,2,2
1,2022,1.6,211,3,0,2,30080,7.7,165.0,38017,4,5,3,0,2.0,0,2,0,1,1,2
2,2014,2.8,299,2,0,2,223644,6.3,144.0,31948,4,5,3,1,1.0,0,2,4,0,1,2
6,2021,3.5,317,2,0,0,54769,6.2,156.0,92037,5,5,4,4,0.0,0,0,1,2,2,2
0,2011,2.6,221,2,0,2,227547,5.6,141.0,9709,5,5,2,0,2.0,1,0,0,0,0,2
7,2023,4.2,323,3,0,0,18171,10.6,256.0,117403,5,5,4,2,0.0,0,2,2,1,2,2
1,2018,2.8,213,2,0,2,79341,5.0,116.0,37031,4,5,3,3,1.0,0,0,6,2,1,2
2,2022,3.5,306,0,0,0,17323,8.5,192.0,65922,4,5,3,1,1.0,0,0,7,1,1,2
3,2012,0.0,424,1,0,2,121329,0.0,0.0,84414,4,5,3,5,2.0,0,0,2,2,2,0
0,2024,2.4,233,0,1,1,5638,6.3,139.0,34850,3,5,2,4,0.0,0,0,4,1,1,2
5,2017,2.1,178,2,0,2,167413,4.4,96.0,34573,5,5,4,2,1.0,0,1,7,0,1,1
5,2020,2.7,212,3,0,0,43328,7.2,158.0,59694,5,5,4,4,1.0,0,0,3,1,1,2
1,2020,2.8,181,0,1,2,62220,7.9,164.0,37995,4,5,3,0,2.0,0,0,2,2,1,1
0,2021,2.3,226,3,0,2,47725,8.7,194.0,26982,5,5,2,3,1.0,0,0,5,1,0,2
4,2007,2.0,214,3,0,0,189851,8.5,182.0,19737,5,5,4,1,3.0,1,0,1,0,0,2
4,2020,1.5,176,3,0,0,75560,7.2,126.0,39938,5,5,4,0,1.0,0,0,5,2,1,1
5,2005,3.3,275,3,0,0,242271,7.2,219.0,20610,5,5,4,3,4.0,1,2,5,0,0,2
4,2024,2.2,275,2,0,1,0,5.3,105.0,51824,5,5,4,2,1.0,0,2,7,1,1,2
8,2007,2.6500000000000004,256,3,0,2,178820,8.5,170.0,36113,2,2,0,0,2.0,0,2,7,0,1,2
4,2018,1.5,168,0,0,1,66314,5.7,115.0,35460,5,5,4,2,3.0,0,2,0,2,1,1
0,2005,2.2,232,3,1,1,219404,8.4,193.0,5764,5,5,2,5,2.0,1,0,7,0,0,2
0,2017,2.0,199,3,0,1,121147,7.6,162.0,22202,5,4,2,1,1.0,0,0,3,2,0,1
3,2009,3.5,267,3,0,2,300000,9.7,217.0,52374,4,4,3,5,3.0,1,2,1,0,1,2
1,2023,1.9,254,3,0,2,39972,8.0,161.0,45161,4,5,3,1,0.0,0,0,3,1,1,2
7,2015,3.1,258,0,0,0,128606,8.2,200.0,93908,5,5,4,2,1.0,0,2,1,2,2,2
1,2024,3.4,327,2,0,2,8687,6.4,139.0,47590,4,5,3,0,0.0,0,0,4,1,1,2
2,2011,3.0,197,3,0,0,169518,9.1,200.0,29461,4,5,3,2,2.0,0,1,6,0,0,1
5,2018,3.4,278,0,0,2,126966,8.5,185.0,49797,5,5,4,1,3.0,0,0,4,2,1,2
9,2016,0.0,208,1,0,2,68044,0.0,0.0,41087,5,4,2,5,3.0,0,2,2,2,1,2
4,2018,1.7,141,0,0,1,98016,6.1,141.0,24770,5,5,4,5,3.0,1,1,3,2,0,1
4,2007,1.8,157,2,0,1,300000,4.1,113.0,8706,5,5,4,2,3.0,0,2,6,0,0,1
1,2024,1.9,167,0,0,2,0,7.2,161.0,44809,4,5,3,4,0.0,0,0,2,1,1,1
0,2023,3.0,320,2,0,2,5823,5.9,149.0,33213,5,5,2,0,0.0,1,2,0,1,1,2
4,2020,2.4,203,0,0,1,75739,7.0,162.0,41722,5,5,4,0,2.0,0,0,5,2,1,2
11,2018,0.0,444,1,0,2,26992,0.0,0.0,115888,4,5,3,5,2.0,0,2,5,1,2,0
10,2020,0.0,340,1,0,2,44324,0.0,0.0,80499,4,5,1,1,1.0,1,0,2,1,2,2
5,2016,2.9,236,3,0,0,98386,9.1,179.0,46917,5,5,4,1,1.0,0,0,5,2,1,2
5,2011,3.4,238,2,0,0,110201,5.9,125.0,34461,5,5,4,0,2.0,0,0,2,2,1,2
10,2021,0.0,405,1,0,2,69187,0.0,0.0,84030,4,5,1,5,2.0,0,0,1,2,2,0
6,2011,3.6,273,3,0,0,214862,10.6,241.0,51190,5,5,4,5,2.0,0,0,2,0,1,2
9,2014,0.0,177,1,0,2,180129,0.0,0.0,29985,5,4,2,0,1.0,0,2,5,0,0,1
4,2023,2.2,304,3,0,0,24615,8.4,191.0,42418,5,5,4,0,0.0,1,2,4,1,1,2
7,2011,4.2,369,0,0,0,243649,9.5,216.0,63261,5,5,4,5,5.0,1,2,4,0,1,0
2,2012,3.4,303,2,0,2,136561,6.6,135.0,39571,4,5,3,5,5.0,0,2,6,2,1,2
3,2017,3.5,288,2,0,2,150266,5.7,129.0,74576,4,5,3,0,1.0,0,1,2,0,2,2
7,2006,3.4,265,0,0,0,286420,8.5,199.0,57300,5,5,4,0,4.0,0,2,1,0,1,2
1,2024,2.6,228,3,0,0,3449,8.6,207.0,44186,4,5,3,0,0.0,0,0,2,1,1,2
0,2018,1.6,218,2,0,1,56533,3.9,159.0,19566,3,5,2,0,4.0,1,0,6,2,0,2
2,2007,2.9,227,2,0,0,300000,5.9,130.0,18934,4,5,3,5,3.0,0,1,0,0,0,2
0,2022,2.0,235,0,0,1,23952,6.7,152.0,32924,5,4,2,5,1.0,0,0,1,1,1,2
2,2015,2.7,306,0,0,2,145686,7.8,183.0,37230,4,5,3,4,1.0,1,0,5,2,1,2
4,2011,2.4,238,0,0,0,133513,7.1,161.0,24669,5,5,4,0,4.0,0,2,7,2,0,2
6,2019,4.3,343,3,0,0,74806,11.2,269.0,79044,5,5,4,2,3.0,0,2,6,2,2,2
5,2022,3.3,302,0,0,0,17014,8.2,166.0,66223,5,5,4,2,1.0,0,0,1,1,1,2
7,2013,3.6,346,3,0,0,65455,9.8,218.0,85518,5,5,4,5,4.0,0,2,0,2,2,2
2,2023,4.2,316,2,0,0,45815,6.8,148.0,59861,4,5,3,5,0.0,0,2,5,1,1,2
5,2014,2.2,154,0,0,0,153572,6.7,140.0,28490,5,5,4,4,1.0,1,1,6,0,0,1
11,2023,0.0,483,1,0,2,12541,0.0,0.0,121228,4,5,3,1,0.0,0,0,0,1,2,0
2,2016,4.1,373,2,0,0,57872,7.0,151.0,46561,4,5,3,2,1.0,1,0,5,2,1,0
7,2019,3.6,277,2,0,0,96316,6.1,130.0,88909,5,5,4,1,4.0,0,0,1,2,2,2
2,2024,2.4,175,0,0,2,0,7.2,158.0,64793,4,5,3,0,0.0,0,0,7,1,1,1
1,2018,3.2,256,3,0,2,72838,8.8,185.0,32503,4,5,3,5,1.0,0,2,5,2,1,2
1,2022,3.2,311,2,0,0,31681,5.7,124.0,43567,4,5,3,4,1.0,0,0,0,1,1,2
6,2016,3.6,349,3,0,0,148794,9.9,218.0,64539,5,5,4,0,2.0,0,1,6,2,1,2
7,2006,3.8,313,2,0,0,174440,6.5,136.0,45598,5,5,4,2,2.0,1,1,4,0,1,2
1,2011,3.4,318,3,0,2,126382,9.9,207.0,25419,4,5,3,5,3.0,1,0,5,2,0,2
4,2022,2.5,265,0,0,1,35778,7.1,156.0,40106,5,5,4,5,1.0,1,0,5,1,1,2
6,2019,3.7,272,0,0,0,80166,8.7,184.0,76405,5,5,4,5,1.0,0,0,0,2,2,2
11,2017,0.0,483,1,0,0,39436,0.0,0.0,121228,4,5,3,5,1.0,0,2,1,1,2,0
5,2023,2.4,183,3,0,2,32107,9.9,159.0,54498,5,5,4,4,0.0,0,0,5,1,1,1
11,2013,0.0,463,1,0,2,114355,0.0,0.0,121228,4,5,3,0,4.0,0,0,2,2,2,0
5,2012,2.8,220,2,0,0,164714,5.7,128.0,31415,5,5,4,5,4.0,1,0,7,0,1,2
5,2015,3.1,282,2,0,2,101157,5.7,127.0,40173,5,5,4,3,4.0,0,1,1,2,1,2
0,2018,1.8,200,2,0,1,134106,4.7,101.0,21863,5,5,2,0,3.0,0,0,5,2,0,2
4,2005,2.2,246,3,0,1,175457,8.2,176.0,17761,5,5,4,5,2.0,0,2,5,0,0,2
4,2013,2.3,253,2,0,1,123580,5.2,107.0,27869,5,5,4,5,3.0,1,0,1,2,0,2
5,2017,2.7,256,2,0,0,105327,5.1,129.0,47590,5,5,4,4,1.0,1,0,0,2,1,2
0,2022,2.7,268,0,0,1,48256,7.4,171.0,34270,3,5,2,0,1.0,0,0,1,1,1,2
3,2019,3.3,287,3,0,0,39625,9.5,204.0,76717,4,5,3,0,3.0,1,0,2,1,2,2
4,2006,1.8,200,3,0,0,300000,7.1,158.0,11122,5,5,4,3,2.0,0,0,3,0,0,2
1,2007,2.5,261,0,1,2,296786,7.0,151.0,12280,4,5,3,4,2.0,1,0,2,0,0,2
0,2018,1.9,180,2,0,2,82329,4.6,104.0,21039,5,5,2,5,4.0,0,0,0,2,0,1
3,2020,4.3,360,3,0,0,11618,12.0,264.0,116165,4,4,3,0,1.0,0,0,7,1,2,0
10,2024,0.0,337,1,0,0,6334,0.0,159.0,86866,4,5,1,0,0.0,0,0,4,1,2,2
11,2019,0.0,418,1,0,2,73980,0.0,0.0,121228,4,4,3,0,2.0,0,2,2,2,2,0
3,2015,3.6,337,2,0,2,124120,6.4,136.0,82929,4,5,3,5,1.0,0,0,0,2,2,2
2,2020,2.5,183,3,0,2,64256,7.2,177.0,50762,4,5,3,2,2.0,0,0,3,2,1,1
4,2019,2.1,220,3,0,0,69258,8.1,186.0,42924,5,5,4,4,2.0,0,0,7,2,1,2
6,2023,3.1,262,0,0,0,40653,8.3,187.0,85674,5,5,4,2,0.0,0,2,1,1,2,2
7,2016,3.6,302,3,0,0,152877,10.0,214.0,80607,5,5,4,0,1.0,0,2,5,0,2,2
2,2007,2.5,239,3,0,2,300000,8.6,165.0,18001,4,5,3,1,3.0,1,2,3,0,0,2
4,2021,2.3,213,3,0,0,48353,7.9,174.0,44865,5,5,4,4,1.0,0,0,3,1,1,2
2,2020,2.2,247,2,0,0,90633,4.8,113.0,48899,4,5,3,0,1.0,0,2,4,2,1,2
1,2022,2.8,263,3,0,0,36780,7.2,177.0,41734,4,5,3,2,1.0,1,0,7,1,1,2
1,2018,1.7,150,3,0,2,99244,7.9,184.0,28543,4,5,3,0,3.0,0,0,6,2,0,1
4,2014,1.8,136,3,0,1,185527,6.1,137.0,16474,5,5,4,5,3.0,1,2,0,0,0,1
0,2022,2.8,281,0,0,1,37493,7.8,180.0,32038,5,4,2,3,1.0,0,0,6,1,1,2
8,2022,3.0,333,3,0,2,13803,8.9,215.0,80504,2,2,0,1,1.0,0,0,3,1,2,2
6,2019,4.1,308,3,0,0,64817,10.4,230.0,67952,5,5,4,0,3.0,0,2,3,2,1,2
6,2012,3.2,300,0,0,0,104444,8.4,170.0,58447,5,5,4,0,3.0,0,2,0,2,1,2
3,2013,4.1,383,0,0,0,183473,9.6,212.0,70732,4,5,3,0,2.0,1,2,1,0,2,0
2,2021,4.3,325,0,0,2,5723,8.7,192.0,71605,4,5,3,3,1.0,0,0,1,1,2,2
8,2021,3.0,261,3,0,2,40350,9.4,230.0,68168,2,2,0,0,1.0,0,0,6,1,1,2
11,2006,0.0,472,1,0,2,222119,0.0,0.0,94091,4,4,3,2,3.0,0,0,0,0,2,0
7,2017,4.3,322,3,0,0,40444,11.5,263.0,98144,5,5,4,0,1.0,0,2,6,1,2,2
0,2008,1.9,184,0,0,1,218663,7.6,159.0,6704,5,4,2,0,3.0,1,2,4,0,0,1
8,2024,2.4,282,3,0,2,6731,9.2,200.0,75774,2,2,0,3,0.0,0,0,7,1,2,2
3,2020,3.4,285,2,0,2,64225,6.5,137.0,95205,4,4,3,1,1.0,0,0,4,2,2,2
10,2020,0.0,382,1,0,2,70051,0.0,0.0,77425,4,5,1,3,1.0,0,0,6,2,2,0
6,2012,3.7,330,3,0,0,153721,10.5,223.0,61736,5,5,4,5,3.0,0,0,3,0,1,2
1,2021,3.4,307,0,0,0,57675,9.3,213.0,36632,4,5,3,0,1.0,1,2,3,2,1,2
9,2017,0.0,209,1,0,2,111265,0.0,0.0,33378,5,4,2,5,1.0,1,1,5,2,1,2
1,2020,1.7,219,3,1,0,56065,6.0,130.0,39368,4,5,3,4,2.0,0,0,2,2,1,2
5,2016,2.3,205,0,0,2,148089,7.2,159.0,43699,5,5,4,0,3.0,0,0,4,2,1,2
0,2019,2.5,233,0,0,1,41622,7.0,141.0,30797,3,4,2,3,2.0,0,0,2,1,1,2
7,2018,4.3,351,0,0,0,101675,10.0,228.0,105414,5,5,4,1,4.0,0,0,7,2,2,0
7,2018,3.9,335,2,0,0,54035,6.7,143.0,101568,5,5,4,0,1.0,0,1,7,2,2,2
6,2007,4.2,347,3,0,0,300000,10.7,239.0,36307,5,5,4,0,3.0,1,2,4,0,1,2
6,2019,3.1,242,3,0,0,68267,8.9,219.0,74588,5,5,4,0,1.0,0,0,7,2,2,2
11,2014,0.0,483,1,0,0,107358,0.0,0.0,121228,4,4,3,5,1.0,0,2,0,2,2,0
0,2010,2.9,329,2,0,2,280095,5.9,136.0,10431,3,4,2,5,2.0,0,0,5,0,0,2
3,2016,4.9,424,0,0,0,112986,10.6,221.0,87107,4,5,3,5,3.0,0,0,7,2,2,0
9,2020,0.0,151,1,0,2,52538,0.0,0.0,56480,5,4,2,0,2.0,0,0,4,2,1,1
6,2018,3.7,332,3,0,0,77855,10.8,237.0,81254,5,5,4,0,1.0,0,0,0,2,2,2
9,2017,0.0,196,1,0,2,138939,0.0,0.0,41908,5,4,2,1,2.0,0,0,2,2,1,1
2,2020,2.2,225,0,0,0,61862,6.5,137.0,59506,4,5,3,5,1.0,0,0,6,2,1,2
7,2017,4.3,321,2,0,0,56065,7.3,165.0,107997,5,5,4,0,2.0,0,0,2,2,2,2
6,2009,3.8,324,2,0,0,200959,6.1,128.0,42242,5,5,4,4,2.0,1,2,6,0,1,2
5,2016,3.2,276,0,0,2,92257,7.8,170.0,53666,5,5,4,5,2.0,0,2,1,2,1,2
2,2023,2.1,220,0,0,0,11230,6.5,143.0,61039,4,5,3,4,0.0,0,0,0,1,1,2
1,2019,3.3,265,0,0,0,131925,8.5,181.0,32057,4,5,3,5,2.0,1,2,4,2,1,2
7,2016,3.7,309,2,0,0,126078,6.2,126.0,82470,5,5,4,3,1.0,0,2,5,2,2,2
0,2013,2.3,190,2,0,2,212541,4.9,104.0,12993,5,5,2,0,3.0,0,2,2,0,0,1
3,2011,0.0,337,1,0,2,112919,0.0,0.0,81990,4,5,3,0,2.0,0,0,0,2,2,2
3,2019,4.6,361,2,0,0,88346,7.1,147.0,68574,4,4,3,2,4.0,1,2,5,2,1,0
0,2009,1.9,217,0,1,1,176059,6.9,156.0,12507,3,5,2,5,3.0,1,0,6,0,0,2
2,2012,2.9,319,2,0,2,179639,5.5,111.0,41372,4,5,3,0,2.0,0,0,2,0,1,2
2,2015,3.1,241,3,0,0,131731,9.7,221.0,37925,4,5,3,5,2.0,0,1,0,2,1,2
4,2019,1.6,182,3,0,0,85639,7.6,151.0,37102,5,5,4,3,2.0,0,2,3,2,1,1
0,2021,1.7,218,0,0,2,32483,6.5,130.0,31869,3,4,2,4,1.0,0,0,6,1,1,2
2,2023,4.4,358,2,0,0,26873,7.4,165.0,76867,4,5,3,4,0.0,0,0,6,1,2,0
6,2015,3.2,330,3,0,0,130410,9.4,202.0,64703,5,5,4,5,1.0,0,0,5,2,1,2
0,2022,2.7,239,0,0,2,23577,7.1,146.0,26954,5,5,2,4,1.0,1,0,1,1,0,2
11,2019,0.0,483,1,0,2,86961,0.0,0.0,121228,4,4,3,4,2.0,0,2,1,2,2,0
2,2009,2.6,271,3,0,0,200618,9.5,216.0,27845,4,5,3,3,4.0,1,0,6,0,0,2
2,2015,2.5,246,3,0,2,142118,8.5,176.0,36623,4,5,3,5,3.0,1,0,2,2,1,2
2,2024,2.8,223,0,0,0,6414,7.4,163.0,62070,4,5,3,0,1.0,1,0,6,1,1,2
6,2016,3.4,282,2,0,0,52818,6.4,132.0,53198,5,5,4,5,2.0,1,2,5,2,1,2
6,2024,4.0,299,3,0,0,4877,10.2,210.0,98659,5,5,4,5,0.0,0,0,1,1,2,2
2,2016,3.0,237,2,0,2,129379,5.2,99.0,47458,4,5,3,0,1.0,0,0,2,2,1,2
7,2008,3.4,273,3,0,0,271825,10.8,245.0,56010,5,5,4,4,3.0,1,2,7,0,1,2
6,2022,3.8,316,0,0,0,33064,9.4,192.0,81594,5,5,4,1,1.0,0,0,0,1,2,2
1,2008,2.6,212,2,0,0,300000,5.7,118.0,9720,4,5,3,0,5.0,0,0,1,0,0,2
4,2010,2.0,185,0,0,1,108047,6.2,132.0,25105,5,5,4,0,3.0,0,2,1,2,0,1
4,2022,2.6500000000000004,212,2,0,1,15890,4.6,101.0,40218,5,5,4,4,1.0,1,0,1,1,1,2
4,2015,2.5,190,0,0,1,147144,7.8,176.0,30260,5,5,4,1,2.0,0,0,5,2,1,1
2,2020,2.4,242,2,0,0,32876,5.4,122.0,56412,4,5,3,3,1.0,0,0,2,1,1,2
6,2009,3.9,268,0,0,0,205755,9.7,208.0,41696,5,5,4,5,5.0,0,2,3,0,1,2
2,2016,3.3,306,0,0,0,42918,8.5,180.0,45924,4,5,3,5,1.0,1,0,1,1,1,2
5,2017,2.7,234,0,0,0,92785,7.3,185.0,36096,5,5,4,3,4.0,1,1,5,2,1,2
5,2005,2.5,255,3,0,0,300000,8.6,185.0,21947,5,5,4,0,4.0,0,2,1,0,0,2
1,2015,2.4,278,3,0,2,153994,7.6,159.0,28739,4,5,3,1,4.0,1,2,6,0,0,2
2,2008,2.6500000000000004,253,2,0,2,96874,5.1,112.0,37996,4,5,3,0,2.0,0,2,2,2,1,2
1,2019,1.9,157,0,0,0,93661,6.4,136.0,34079,4,5,3,5,2.0,0,0,1,2,1,1
0,2014,2.4,214,2,1,1,202968,5.0,116.0,17208,5,5,2,3,1.0,0,0,5,0,0,2
10,2009,0.0,309,1,0,2,289948,0.0,0.0,28252,4,5,1,4,5.0,1,0,5,0,0,2
5,2013,3.2,278,3,0,2,276808,9.7,214.0,26901,5,5,4,1,3.0,0,1,4,0,0,2
3,2011,3.2,294,3,0,2,148353,9.8,215.0,71780,4,4,3,4,2.0,0,0,5,2,2,2
5,2015,2.5,188,2,0,0,150728,5.1,123.0,41275,5,5,4,1,3.0,0,0,0,0,1,1
6,2023,3.5,317,2,0,0,9957,5.6,120.0,97588,5,5,4,0,0.0,0,0,6,1,2,2
6,2008,3.5,282,0,0,0,203469,8.7,186.0,48983,5,5,4,0,3.0,0,0,7,0,1,2
0,2022,2.9,252,3,0,2,24498,8.9,198.0,34090,3,5,2,4,0.0,0,0,3,1,1,2
6,2012,3.0,287,0,0,0,198042,8.0,169.0,59630,5,5,4,5,2.0,0,0,1,0,1,2
1,2016,2.5,230,2,0,0,77965,5.4,106.0,37008,4,5,3,4,3.0,0,0,0,2,1,2
5,2009,3.4,326,2,0,2,252204,5.8,159.0,21969,5,5,4,0,4.0,1,1,3,0,0,2
1,2011,2.8,232,3,0,2,75973,9.1,198.0,23459,4,5,3,5,5.0,0,2,2,2,0,2
2,2007,3.6,331,2,0,2,155117,6.4,159.0,30472,4,5,3,4,5.0,0,2,5,0,1,2
10,2018,0.0,261,1,0,0,81703,0.0,159.0,61323,4,5,1,5,1.0,0,0,0,2,1,2
6,2007,4.1,275,2,0,0,250313,6.3,137.0,39663,5,5,4,0,2.0,0,2,2,0,1,2
9,2018,0.0,211,1,0,2,70087,0.0,0.0,47581,5,4,2,0,2.0,0,0,0,2,1,2
6,2021,3.5,267,0,0,0,32401,9.4,228.0,64619,5,5,4,2,2.0,1,0,5,1,1,2
11,2018,0.0,439,1,0,0,102780,0.0,0.0,121228,4,5,3,5,1.0,0,2,4,2,2,0
5,2020,2.8,313,2,0,2,16462,6.1,143.0,64664,5,5,4,0,1.0,0,0,7,1,1,2
6,2021,3.4,314,3,0,0,48994,7.2,232.0,82560,5,5,4,0,0.0,0,0,5,1,2,2
6,2010,4.4,358,0,0,0,140518,10.5,223.0,46339,5,5,4,2,3.0,1,1,7,2,1,0
4,2006,1.9,140,0,0,0,245296,6.9,151.0,11131,5,5,4,3,5.0,1,2,0,0,0,1
2,2014,3.6,281,2,0,2,123101,6.2,118.0,44646,4,5,3,5,1.0,0,0,5,2,1,2
9,2018,0.0,185,1,0,2,132562,0.0,0.0,36880,5,4,2,1,4.0,0,0,0,2,1,1
11,2024,0.0,425,1,0,0,0,0.0,0.0,121228,4,4,3,5,0.0,0,0,3,1,2,0
1,2016,2.5,236,2,1,0,109698,5.3,121.0,26400,4,5,3,0,1.0,1,2,4,2,0,2
6,2009,3.4,341,2,0,0,300000,5.8,159.0,40152,5,5,4,0,4.0,1,2,7,0,1,2
8,2023,2.2,278,3,0,2,26388,8.1,159.0,67402,2,2,0,2,1.0,0,2,0,1,1,2
0,2020,2.4,267,3,0,1,74656,8.8,186.0,27849,3,4,2,5,2.0,0,0,3,2,0,2
4,2021,1.6,181,2,0,1,59451,4.4,109.0,42561,5,5,4,1,1.0,0,0,7,2,1,1
5,2013,2.9,236,2,0,0,215273,5.3,118.0,31300,5,5,4,1,3.0,0,1,7,0,1,2
11,2019,0.0,455,1,0,2,53315,0.0,0.0,121228,4,5,3,2,1.0,0,2,4,2,2,0
1,2019,2.5,235,3,0,2,102217,8.1,178.0,32799,4,5,3,0,3.0,1,0,7,2,1,2
2,2016,2.1,236,3,0,2,121386,8.1,181.0,43709,4,5,3,4,1.0,1,0,4,2,1,2
2,2014,3.6,298,2,0,2,63542,6.6,151.0,41943,4,5,3,5,1.0,1,2,1,2,1,2
8,2024,2.9,251,3,0,2,14373,9.8,220.0,63417,2,2,0,1,1.0,0,0,5,1,1,2
3,2019,4.8,390,2,0,2,51138,7.7,178.0,113467,4,4,3,5,1.0,0,0,7,2,2,0
0,2019,1.9,168,2,0,1,61244,4.8,109.0,20900,3,5,2,4,2.0,1,0,4,2,0,1
1,2020,3.1,394,0,1,2,60788,8.4,187.0,49082,4,5,3,4,0.0,0,0,3,2,1,0
1,2007,2.1,149,0,0,2,281013,7.1,138.0,10694,4,5,3,3,4.0,1,2,3,0,0,1
3,2024,0.0,467,1,0,2,25085,0.0,0.0,121228,4,5,3,0,0.0,0,0,0,1,2,0
7,2023,3.4,303,3,0,0,10637,10.0,219.0,112087,5,5,4,5,0.0,0,0,5,1,2,2
2,2016,4.4,371,2,0,0,139175,6.9,144.0,52213,4,5,3,5,2.0,0,0,6,2,1,0
4,2019,1.7,162,3,0,1,47676,7.2,159.0,41301,5,5,4,0,1.0,0,0,2,1,1,1
4,2024,2.3,226,3,0,0,0,9.5,217.0,49880,5,5,4,4,0.0,0,0,6,1,1,2
5,2021,2.6500000000000004,213,0,0,2,54502,7.6,164.0,61824,5,5,4,0,1.0,0,0,3,2,1,2
0,2022,2.8,264,0,0,2,21974,8.0,182.0,23903,3,4,2,5,1.0,0,1,5,1,0,2
3,2007,4.3,377,2,0,0,256001,7.2,153.0,46735,4,5,3,2,2.0,1,2,2,0,1,0
5,2019,2.1,209,0,0,0,65026,6.4,138.0,60269,5,5,4,5,1.0,0,0,3,2,1,2
4,2020,2.2,218,0,0,1,39694,6.8,154.0,40411,5,5,4,5,2.0,0,0,0,1,1,2
3,2024,3.4,286,2,0,0,16257,5.8,132.0,104114,4,4,3,3,0.0,0,0,4,1,2,2
5,2024,2.6,212,3,0,2,0,8.7,199.0,71090,5,5,4,5,0.0,0,0,7,1,2,2
8,2009,2.6,220,3,0,2,221504,8.0,167.0,35551,2,2,0,0,3.0,0,2,1,0,1,2
9,2023,0.0,182,1,0,2,13045,0.0,0.0,55464,5,4,2,4,0.0,0,0,0,1,1,1
5,2022,2.4,171,3,0,0,27492,8.6,189.0,62877,5,5,4,3,2.0,0,0,3,1,1,1
4,2021,1.9,210,3,0,1,37171,7.0,160.0,41276,5,5,4,1,0.0,1,0,1,1,1,2
1,2009,2.7,236,3,1,2,186491,8.7,194.0,18984,4,5,3,1,3.0,0,0,0,0,0,2
0,2019,2.8,248,0,0,1,50281,7.2,172.0,29346,3,4,2,4,1.0,0,2,0,2,0,2
6,2019,3.7,233,2,0,0,65030,5.7,120.0,77884,5,5,4,0,3.0,0,0,2,2,2,2
2,2005,3.0,281,3,0,0,300000,9.7,211.0,20684,4,5,3,3,3.0,1,2,4,0,0,2
0,2010,2.3,180,2,0,2,178516,5.0,92.0,10120,5,5,2,1,2.0,0,0,2,0,0,1
11,2023,0.0,483,1,0,2,21537,0.0,0.0,121228,4,4,3,5,1.0,0,0,5,1,2,0
11,2007,0.0,430,1,0,2,166637,0.0,0.0,85029,4,5,3,4,2.0,0,1,3,0,2,0
7,2023,3.9,327,0,0,0,0,9.0,199.0,121228,5,5,4,1,1.0,0,0,4,1,2,2
2,2020,3.3,275,3,0,2,37906,9.3,185.0,57191,4,5,3,5,1.0,0,0,2,1,1,2
10,2024,0.0,336,1,0,0,9575,0.0,0.0,92555,4,5,1,2,0.0,0,0,2,1,2,2
0,2015,2.4,209,3,0,1,203085,9.1,210.0,9722,5,4,2,0,4.0,1,0,7,0,0,2
8,2021,2.3,218,3,0,2,79253,7.9,159.0,63413,2,2,0,5,1.0,0,2,2,2,1,2
6,2021,4.1,355,3,0,0,64214,10.9,219.0,87588,5,5,4,4,0.0,0,0,6,2,2,0
8,2020,2.0,212,3,0,2,68092,7.7,172.0,58478,2,2,0,0,0.0,0,0,6,2,1,2
0,2023,1.7,190,0,0,2,16817,5.4,107.0,30673,3,5,2,4,0.0,0,0,1,1,1,1
1,2006,2.8,269,0,1,0,296712,7.7,174.0,10358,4,5,3,5,3.0,1,2,4,0,0,2
1,2008,2.7,268,3,0,0,161293,8.6,182.0,19733,4,5,3,4,2.0,1,0,2,0,0,2
1,2018,2.7,227,0,0,0,25312,7.4,157.0,33721,4,5,3,5,3.0,0,2,5,1,1,2
3,2023,4.4,380,3,0,0,5498,10.0,218.0,93902,4,4,3,5,0.0,1,2,3,1,2,0
4,2017,2.6500000000000004,241,2,0,0,112211,5.0,104.0,41591,5,5,4,5,1.0,0,0,7,2,1,2
4,2010,1.9,155,3,0,0,230855,7.7,169.0,17051,5,5,4,1,2.0,1,2,3,0,0,1
4,2010,1.8,182,0,0,0,127461,7.0,157.0,26821,5,5,4,0,4.0,0,0,5,2,0,1
6,2014,3.8,301,2,0,0,177289,6.1,137.0,49587,5,5,4,1,1.0,0,2,6,0,1,2
6,2017,3.2,328,3,0,0,104221,10.2,220.0,57774,5,5,4,5,2.0,1,1,0,2,1,2
2,2012,3.4,272,3,0,0,160601,8.9,159.0,32250,4,5,3,4,3.0,1,0,0,0,1,2
0,2020,1.7,150,0,0,2,48411,6.3,137.0,24651,3,5,2,3,2.0,0,0,2,1,0,1
1,2019,2.1,176,0,0,2,81127,5.9,124.0,32694,4,5,3,1,1.0,0,2,3,2,1,1
6,2006,3.2,299,3,0,0,269712,9.7,228.0,37260,5,5,4,2,2.0,1,2,2,0,1,2
2,2023,4.1,376,3,0,2,31017,11.7,258.0,68817,4,5,3,2,0.0,0,0,6,1,1,0
1,2020,2.8,306,2,0,2,59264,6.5,132.0,37148,4,5,3,0,1.0,1,0,2,2,1,2
0,2023,1.6,203,0,0,1,27655,7.2,148.0,28974,3,4,2,1,0.0,0,0,1,1,0,2
1,2013,3.1,242,2,1,0,194339,5.4,119.0,23871,4,5,3,1,3.0,0,0,7,0,0,2
1,2005,3.1,313,0,1,0,231586,8.3,186.0,13360,4,5,3,1,2.0,0,1,4,0,0,2
6,2016,3.9,290,3,0,0,104954,10.4,232.0,56823,5,5,4,0,1.0,1,2,6,2,1,2
3,2023,4.7,404,2,0,0,0,7.4,158.0,121228,4,5,3,1,0.0,0,0,1,1,2,0
6,2014,3.7,365,0,0,0,138262,8.4,187.0,60600,5,5,4,0,3.0,0,2,5,2,1,0
5,2006,2.6500000000000004,154,3,0,2,188274,8.2,190.0,17315,5,5,4,0,3.0,1,2,3,0,0,1
1,2017,3.0,218,0,0,0,87980,7.3,150.0,34534,4,5,3,5,3.0,0,2,1,2,1,2
8,2010,2.4,215,3,0,2,300000,7.5,167.0,28035,2,2,0,0,3.0,0,0,3,0,0,2
10,2018,0.0,377,1,0,0,61523,0.0,0.0,65234,4,5,1,5,1.0,0,2,1,2,1,0
1,2019,3.2,272,2,0,0,94433,6.3,138.0,34762,4,5,3,4,3.0,0,0,4,2,1,2
1,2022,2.7,193,2,0,0,55381,5.5,120.0,35432,4,5,3,5,0.0,0,2,5,2,1,1
6,2014,4.3,321,0,0,0,165923,10.0,238.0,57390,5,5,4,2,2.0,0,2,5,0,1,2
6,2017,3.4,271,3,0,0,88793,9.6,202.0,62806,5,5,4,4,3.0,0,2,4,2,1,2
5,2012,2.2,254,0,0,0,126392,6.2,144.0,35084,5,5,4,5,4.0,1,0,2,2,1,2
1,2016,3.2,278,2,0,2,86083,6.1,138.0,30224,4,5,3,3,3.0,0,1,5,2,1,2
9,2012,0.0,189,1,0,2,197427,0.0,0.0,21445,5,4,2,0,5.0,1,2,2,0,0,1
6,2016,4.0,272,0,0,0,74655,8.9,196.0,66756,5,5,4,5,2.0,0,2,3,2,1,2
5,2020,2.6500000000000004,173,3,0,2,68336,8.1,169.0,52205,5,5,4,2,1.0,0,0,4,2,1,1
1,2020,2.4,184,0,1,2,46776,8.3,177.0,35955,4,5,3,1,0.0,0,2,2,1,1,1
5,2016,2.5,256,0,0,0,139019,7.0,162.0,44512,5,5,4,2,3.0,0,0,5,2,1,2
0,2009,2.1,212,0,0,2,177236,8.0,171.0,8558,5,4,2,5,5.0,0,2,2,0,0,2
2,2009,3.0,244,3,0,2,168719,9.4,198.0,28056,4,5,3,1,5.0,1,2,7,0,0,2
0,2012,2.1,247,2,0,2,289126,5.4,118.0,8534,3,5,2,0,2.0,1,2,0,0,0,2
6,2016,3.7,306,0,0,0,95250,7.9,183.0,70788,5,5,4,4,1.0,0,0,1,2,2,2
10,2019,0.0,258,1,0,0,52149,0.0,0.0,67192,4,5,1,3,2.0,0,0,4,2,1,2
3,2019,4.1,363,0,0,2,124027,9.1,203.0,94136,4,5,3,5,2.0,0,0,5,2,2,0
1,2015,2.8,260,0,1,0,155443,7.9,159.0,25759,4,5,3,1,4.0,0,0,5,0,0,2
2,2015,3.8,365,0,0,0,127552,9.3,200.0,46624,4,5,3,2,4.0,0,0,5,2,1,0
10,2017,0.0,421,1,0,0,139813,0.0,0.0,70890,4,5,1,5,2.0,0,0,3,2,2,0
2,2010,2.1,195,3,0,2,138511,8.2,177.0,26784,4,5,3,5,4.0,1,1,1,2,0,1
3,2019,4.5,360,3,0,0,56095,11.0,241.0,80524,4,5,3,5,3.0,1,2,2,2,2,0
2,2010,3.2,268,3,0,0,223145,9.9,226.0,30194,4,5,3,0,5.0,1,0,7,0,1,2
2,2023,3.4,336,3,0,0,17280,10.0,208.0,66004,4,5,3,1,0.0,0,2,6,1,1,2
1,2011,1.9,207,0,0,2,240203,6.6,164.0,18958,4,5,3,0,2.0,0,2,5,0,0,2
2,2017,4.0,453,0,0,0,128080,10.1,213.0,50431,4,5,3,4,1.0,0,0,2,2,1,0
8,2009,2.3,254,3,1,2,170296,8.5,181.0,34300,2,2,0,5,2.0,1,0,7,0,1,2
5,2024,3.2,251,3,0,0,10082,10.4,225.0,63680,5,5,4,0,2.0,0,0,6,1,1,2
10,2021,0.0,390,1,0,2,59532,0.0,0.0,90499,4,5,1,0,2.0,0,0,3,2,2,0
6,2022,3.1,324,2,0,0,37169,6.0,128.0,83546,5,5,4,4,0.0,0,0,7,1,2,2
6,2007,3.7,325,2,0,0,279226,5.7,121.0,37175,5,5,4,3,3.0,1,0,7,0,1,2
8,2018,2.4,236,3,0,2,73905,7.7,180.0,46342,2,2,0,5,2.0,0,1,0,2,1,2
0,2015,2.0,247,0,0,1,181792,7.5,162.0,13992,3,5,2,5,3.0,1,2,5,0,0,2
1,2012,3.4,340,0,0,0,131926,8.7,203.0,33282,4,5,3,5,3.0,0,0,1,2,1,2
3,2013,5.0,370,2,0,2,209673,6.7,163.0,73512,4,4,3,0,3.0,0,2,1,0,2,0
0,2006,2.1,260,3,1,2,235719,9.0,189.0,7129,5,4,2,5,3.0,1,1,4,0,0,2
2,2021,2.6,194,3,0,0,44010,9.2,159.0,59246,4,5,3,4,1.0,0,0,0,1,1,1
1,2020,2.2,179,3,0,0,72062,8.2,171.0,39083,4,5,3,3,1.0,0,0,1,2,1,1
1,2016,2.6,307,3,1,0,127509,9.2,199.0,31879,4,5,3,0,2.0,0,2,2,2,1,2
7,2012,3.6,326,0,0,0,211907,8.8,198.0,75403,5,5,4,2,2.0,0,2,2,0,2,2
0,2024,2.0,182,3,0,2,0,8.2,175.0,35708,3,4,2,4,0.0,0,0,3,1,1,1
5,2012,3.3,266,2,0,2,300000,6.2,129.0,26433,5,5,4,3,2.0,1,1,4,0,0,2
4,2009,2.0,216,3,0,1,300000,7.7,176.0,11575,5,5,4,0,5.0,1,0,1,0,0,2
0,2018,2.1,175,0,0,1,52174,7.0,155.0,22256,3,4,2,5,3.0,0,0,3,2,0,1
2,2024,3.2,309,2,0,2,1287,6.0,123.0,67738,4,5,3,5,0.0,0,0,0,1,1,2
2,2020,3.2,286,0,0,2,68634,9.0,191.0,61849,4,5,3,4,1.0,0,0,6,2,1,2
1,2018,2.9,212,0,1,2,101541,7.6,162.0,29673,4,5,3,5,4.0,0,2,5,2,0,2
2,2006,4.0,333,2,0,2,300000,6.6,138.0,24394,4,5,3,4,4.0,0,0,1,0,0,2
9,2008,0.0,204,1,0,2,249734,0.0,0.0,17517,5,4,2,3,5.0,1,0,0,0,0,2
6,2012,3.1,341,2,0,0,130375,5.7,120.0,54083,5,5,4,5,5.0,0,2,6,2,1,2
0,2013,2.5,239,0,1,2,202137,7.2,173.0,11060,3,5,2,5,3.0,0,1,5,0,0,2
5,2024,2.6500000000000004,261,2,0,0,3138,5.4,110.0,63949,5,5,4,5,1.0,0,2,7,1,1,2
2,2021,2.0,145,2,0,2,35987,4.1,63.0,46403,4,5,3,2,2.0,1,0,7,1,1,1
5,2023,2.3,250,2,0,2,23418,5.7,128.0,57653,5,5,4,5,1.0,0,0,5,1,1,2
7,2019,3.1,267,3,0,0,66878,8.8,214.0,101760,5,5,4,0,1.0,0,2,0,2,2,2
1,2020,3.5,363,2,0,2,104470,6.7,154.0,37900,4,5,3,3,1.0,1,0,3,2,1,0
2,2018,3.2,294,3,0,0,94160,9.6,207.0,48659,4,5,3,5,2.0,1,0,7,2,1,2
5,2008,2.8,250,2,0,0,300000,5.3,117.0,20648,5,5,4,5,3.0,0,2,0,0,0,2
5,2015,2.8,248,2,0,2,92628,5.7,130.0,41763,5,5,4,5,2.0,0,2,7,2,1,2
7,2024,3.9,315,3,0,0,0,10.2,231.0,121228,5,5,4,1,0.0,0,2,6,1,2,2
6,2021,3.8,346,0,0,0,35238,9.3,213.0,82941,5,5,4,4,0.0,0,0,5,1,2,2
6,2014,3.2,276,2,0,0,175225,6.4,134.0,60855,5,5,4,0,2.0,0,2,7,0,1,2
11,2007,0.0,483,1,0,2,176409,0.0,0.0,83590,4,5,3,4,4.0,1,0,6,0,2,0
2,2006,2.7,239,2,0,2,206088,5.3,102.0,24458,4,5,3,0,5.0,1,0,2,0,0,2
1,2011,2.9,215,3,0,2,300000,7.2,188.0,16614,4,5,3,1,4.0,0,2,2,0,0,2
6,2023,3.5,263,0,0,0,0,7.9,165.0,84023,5,5,4,1,2.0,0,0,3,1,2,2
5,2006,2.0,226,3,0,0,300000,7.8,173.0,21986,5,5,4,4,3.0,0,0,0,0,0,2
3,2011,0.0,338,1,0,2,209618,0.0,0.0,57274,4,5,3,4,2.0,0,1,0,0,1,2
2,2010,2.4,186,0,0,2,198527,7.9,174.0,21095,4,5,3,2,3.0,1,2,4,0,0,1
9,2023,0.0,185,1,0,2,11937,0.0,0.0,60297,5,4,2,4,0.0,0,0,0,1,1,1
4,2018,2.2,242,0,0,0,63340,6.5,149.0,40921,5,5,4,5,4.0,0,0,0,2,1,2
0,2013,1.7,131,2,1,1,185630,4.0,87.0,11157,5,4,2,0,2.0,0,0,2,0,0,1
5,2009,2.9,240,3,0,2,216805,9.0,213.0,34974,5,5,4,5,4.0,0,0,6,0,1,2
2,2020,3.5,343,0,0,0,71019,9.0,208.0,63278,4,5,3,3,0.0,0,2,4,2,1,2
1,2012,2.2,192,0,0,0,166645,8.8,212.0,17500,4,5,3,5,3.0,1,2,5,0,0,1
2,2023,4.1,335,2,0,2,4693,6.6,160.0,74802,4,5,3,3,0.0,0,0,3,1,2,2
6,2017,3.3,248,0,0,0,121755,8.0,188.0,72144,5,5,4,5,1.0,0,0,1,2,2,2
7,2010,3.8,349,0,0,0,158305,9.5,191.0,73198,5,5,4,5,5.0,1,0,3,0,2,2
7,2020,4.2,383,3,0,0,54435,11.3,259.0,96970,5,5,4,1,0.0,0,1,5,2,2,0
7,2021,3.7,413,0,0,0,25061,8.9,194.0,110325,5,5,4,4,0.0,0,0,5,1,2,0
5,2022,2.4,264,2,0,0,41592,5.5,118.0,53961,5,5,4,4,1.0,0,2,4,1,1,2
0,2010,2.0,203,2,1,2,117813,4.7,114.0,17171,5,5,2,0,4.0,0,0,1,2,0,2
5,2017,2.8,221,2,0,2,105180,5.0,115.0,42649,5,5,4,2,2.0,0,2,2,2,1,2
1,2013,3.3,312,2,1,2,164785,5.6,140.0,24089,4,5,3,5,3.0,1,1,1,0,0,2
9,2017,0.0,195,1,0,2,92508,0.0,0.0,40608,5,4,2,5,2.0,0,0,4,2,1,1
4,2013,1.8,150,3,0,0,131682,7.3,159.0,27678,5,5,4,5,4.0,0,0,3,2,0,1
6,2017,4.1,388,2,0,0,148553,6.8,151.0,72124,5,5,4,5,3.0,0,2,7,2,2,0
2,2014,3.2,306,3,0,0,37051,10.3,220.0,48395,4,5,3,4,2.0,0,2,2,1,1,2
6,2011,4.1,287,3,0,0,271038,10.0,230.0,44855,5,5,4,0,4.0,1,0,3,0,1,2
3,2017,0.0,367,1,0,2,119945,0.0,0.0,73028,4,4,3,0,2.0,1,2,2,2,2,0
4,2014,1.5,182,0,0,0,118433,6.8,150.0,27442,5,5,4,3,3.0,0,1,6,2,0,1
4,2013,1.8,171,3,0,0,170822,7.6,166.0,24335,5,5,4,4,2.0,0,0,0,0,0,1
1,2019,1.9,245,0,0,0,83929,6.3,140.0,30503,4,5,3,5,3.0,1,2,3,2,1,2
0,2021,2.1,230,0,0,2,57817,6.6,142.0,26977,5,4,2,5,2.0,0,0,0,2,0,2
1,2016,3.5,260,3,1,0,128330,10.8,240.0,28424,4,5,3,0,2.0,0,2,0,2,0,2
1,2021,3.5,323,0,0,2,49033,8.3,177.0,48308,4,5,3,0,2.0,0,0,7,1,1,2
1,2023,2.6,190,0,0,0,22494,6.2,126.0,43372,4,5,3,5,0.0,0,0,6,1,1,1
2,2016,2.4,163,3,0,2,112267,8.9,206.0,39657,4,5,3,0,1.0,1,0,7,2,1,1
8,2021,2.1,154,3,0,2,13807,8.7,178.0,68047,2,2,0,5,1.0,0,0,0,1,1,1
1,2012,2.8,208,0,0,2,144626,7.1,166.0,21691,4,5,3,5,4.0,0,2,0,2,0,2
3,2022,3.6,317,3,0,0,3240,10.3,220.0,108774,4,4,3,2,2.0,0,0,7,1,2,2
4,2011,1.8,190,2,0,1,84025,4.8,104.0,30539,5,5,4,3,2.0,0,0,4,2,1,1
1,2024,2.4,252,0,1,2,3597,6.7,166.0,48678,4,5,3,5,0.0,0,0,6,1,1,2
10,2015,0.0,375,1,0,0,148393,0.0,0.0,56047,4,5,1,4,1.0,0,2,3,2,1,0
2,2021,3.5,307,3,0,0,24755,9.6,213.0,61072,4,5,3,4,0.0,0,0,2,1,1,2
2,2017,2.4,235,2,0,2,108891,5.1,110.0,48813,4,5,3,0,2.0,0,0,1,2,1,2
6,2010,3.7,312,0,0,0,212900,8.8,198.0,47565,5,5,4,5,5.0,1,0,5,0,1,2
4,2016,2.0,209,3,0,0,176433,8.1,175.0,29267,5,5,4,5,2.0,0,0,5,0,0,2
7,2020,3.7,337,0,0,0,66662,8.6,191.0,121228,5,5,4,0,0.0,0,0,0,2,2,2
1,2019,1.9,172,2,1,0,61752,4.5,116.0,29704,4,5,3,3,3.0,0,1,7,2,0,1
4,2011,2.3,239,3,0,1,190793,8.3,173.0,24339,5,5,4,5,2.0,1,2,2,0,0,2
4,2014,2.3,158,2,0,1,175977,5.3,122.0,24258,5,5,4,4,1.0,1,0,2,0,0,1
7,2007,4.1,333,3,0,0,300000,10.2,224.0,46885,5,5,4,0,4.0,1,2,4,0,1,2
2,2023,4.0,299,0,0,0,9751,9.1,211.0,66690,4,5,3,5,0.0,0,2,2,1,1,2
3,2022,3.5,306,0,0,2,17616,8.4,183.0,119029,4,5,3,5,1.0,0,0,6,1,2,2
1,2009,2.5,263,0,1,2,189526,7.1,152.0,19545,4,5,3,0,4.0,1,0,5,0,0,2
3,2012,4.9,368,2,0,0,125304,7.6,175.0,74353,4,4,3,1,5.0,0,0,0,2,2,0
1,2019,3.4,317,3,0,2,41577,10.9,240.0,41916,4,5,3,4,3.0,0,0,0,1,1,2
10,2007,0.0,365,1,0,0,276957,0.0,0.0,33394,4,5,1,5,3.0,0,0,7,0,1,0
1,2006,1.7,188,0,1,0,296008,7.2,149.0,10320,4,5,3,0,3.0,1,1,4,0,0,1
2,2005,4.0,374,2,0,0,225732,7.2,156.0,34372,4,5,3,5,2.0,0,0,1,0,1,0
9,2008,0.0,129,1,0,2,228320,0.0,0.0,17122,5,4,2,4,4.0,0,1,5,0,0,1
4,2016,2.3,188,0,0,1,161747,7.4,171.0,28481,5,5,4,0,3.0,1,0,3,0,0,1
5,2021,3.3,246,0,0,0,57536,7.9,187.0,58877,5,5,4,3,0.0,0,0,2,2,1,2
7,2018,4.4,324,2,0,0,54824,7.2,143.0,99544,5,5,4,0,2.0,0,1,3,2,2,2
2,2014,3.5,314,3,0,0,183051,9.7,206.0,45533,4,5,3,5,3.0,0,0,0,0,1,2
10,2013,0.0,373,1,0,0,101369,0.0,0.0,50141,4,5,1,0,3.0,1,0,7,2,1,0
6,2019,4.2,383,2,0,0,46493,6.7,143.0,73058,5,5,4,5,1.0,1,0,4,1,2,0
6,2008,2.6500000000000004,327,3,0,0,188063,11.6,251.0,41084,5,5,4,5,5.0,1,0,5,0,1,2
11,2021,0.0,483,1,0,2,63398,0.0,0.0,121228,4,4,3,3,2.0,0,0,6,2,2,0
10,2020,0.0,439,1,0,2,30009,7.2,0.0,78373,4,5,1,4,0.0,1,0,0,1,2,0
1,2006,2.6500000000000004,190,0,0,0,258623,6.2,154.0,12058,4,5,3,0,3.0,0,2,5,0,0,1
0,2016,2.1,168,0,1,1,49083,7.0,170.0,20751,5,4,2,3,3.0,0,0,7,1,0,1
2,2023,2.5,255,2,0,0,0,5.3,116.0,61466,4,5,3,3,0.0,0,0,4,1,1,2
1,2015,2.2,268,3,1,0,140783,8.2,183.0,27549,4,5,3,2,4.0,0,2,2,2,0,2
2,2010,3.3,327,3,0,0,203600,9.9,222.0,36113,4,5,3,4,4.0,1,0,4,0,1,2
6,2017,4.2,422,3,0,0,42904,11.2,246.0,66835,5,5,4,2,1.0,0,1,2,1,1,0
0,2017,1.7,161,0,0,2,65812,7.2,131.0,17667,3,5,2,5,2.0,1,2,6,2,0,1
1,2006,1.7,145,2,1,0,300000,4.9,87.0,3840,4,5,3,0,5.0,0,0,6,0,0,1
1,2024,2.3,228,0,0,0,0,6.9,152.0,43583,4,5,3,2,0.0,0,2,2,1,1,2
1,2009,3.2,303,2,0,2,236198,6.1,136.0,16037,4,5,3,4,4.0,1,0,0,0,0,2
5,2024,2.5,218,2,0,0,10013,5.0,105.0,72789,5,5,4,1,0.0,0,0,7,1,2,2
0,2011,2.6,213,2,1,1,276324,6.0,137.0,8923,3,4,2,0,3.0,1,0,2,0,0,2
6,2018,3.2,257,0,0,0,67383,8.3,186.0,73752,5,5,4,4,2.0,0,2,6,2,2,2
1,2011,3.5,346,3,1,0,208195,10.5,229.0,23079,4,5,3,3,4.0,0,2,5,0,0,2
1,2013,2.2,283,0,1,2,116069,7.5,161.0,34112,4,5,3,4,2.0,0,0,5,2,1,2
6,2007,3.8,317,0,0,0,245334,8.6,187.0,29464,5,5,4,4,3.0,1,1,5,0,0,2
4,2015,2.4,230,3,0,1,120538,8.4,180.0,33008,5,5,4,0,3.0,0,0,4,2,1,2
8,2016,2.1,283,3,0,2,47479,8.3,191.0,48796,2,2,0,4,1.0,1,2,2,1,1,2
2,2012,3.6,267,2,0,0,107891,5.8,130.0,43025,4,5,3,0,4.0,0,0,6,2,1,2
8,2008,2.6500000000000004,178,3,0,2,257742,8.5,202.0,21405,2,2,0,0,3.0,1,2,5,0,0,1
3,2021,3.3,313,2,0,0,41003,5.7,116.0,106160,4,5,3,5,1.0,0,0,7,1,2,2
6,2018,4.4,357,3,0,0,93440,7.2,242.0,72531,5,5,4,5,1.0,0,0,3,2,2,0
1,2022,2.9,312,3,0,2,10436,9.5,222.0,51225,4,5,3,2,1.0,0,0,7,1,1,2
1,2022,3.0,285,3,0,0,32884,8.9,200.0,47802,4,5,3,0,1.0,0,0,7,1,1,2
7,2013,3.5,300,2,0,0,187225,6.4,144.0,87688,5,5,4,4,3.0,0,0,4,0,2,2
2,2009,4.3,381,0,0,0,265507,9.1,194.0,25925,4,5,3,4,4.0,1,2,5,0,0,0
10,2021,0.0,362,1,0,2,62195,0.0,0.0,78609,4,5,1,3,2.0,0,2,0,2,2,0
3,2006,0.0,423,1,0,0,225545,0.0,0.0,46006,4,4,3,3,5.0,1,0,6,0,1,0
1,2013,1.8,197,0,0,0,175850,6.1,126.0,21052,4,5,3,4,2.0,0,0,0,0,0,1
